{"data":
	[
		{
            "seed":"minecraft:wheat_seeds",
            "block":"minecraft:wheat"
        },
        {
            "seed":"minecraft:carrot",
            "block":"minecraft:carrots"
        },
        {
            "seed":"minecraft:potato",
            "block":"minecraft:potatoes"
        },
        {
            "seed": "etfuturum:beetroot_seeds",
            "block": "etfuturum:beetroots",
			"meta": 3
        },
        {
            "seed":"minecraft:nether_wart",
            "block":"minecraft:nether_wart",
            "meta":3
        }
	]
}