{
	"credit": "Made with Blockbench",
	"textures": {
		"0": "goodnightsleep:blocks/bed_top_plank",
		"4": "goodnightsleep:blocks/wretched_bed_head_end_top",
		"5": "goodnightsleep:blocks/wretched_bed_feet_side_top",
		"6": "goodnightsleep:blocks/wretched_bed_feet_top",
		"7": "goodnightsleep:blocks/wretched_bed_leg",
		"particle": "goodnightsleep:blocks/bed_top_plank"
	},
	"elements": [
		{
			"from": [0, 0, 0],
			"to": [3, 6, 3],
			"faces": {
				"north": {"uv": [8, 8, 11, 14], "texture": "#7"},
				"east": {"uv": [8, 8, 11, 14], "texture": "#7"},
				"south": {"uv": [8, 2, 11, 8], "texture": "#7"},
				"west": {"uv": [8, 8, 11, 14], "texture": "#7"},
				"up": {"uv": [11, 5, 14, 8], "texture": "#7"},
				"down": {"uv": [11, 8, 14, 11], "texture": "#7"}
			}
		},
		{
			"from": [13, 0, 0],
			"to": [16, 6, 3],
			"faces": {
				"north": {"uv": [8, 8, 11, 14], "texture": "#7"},
				"east": {"uv": [8, 8, 11, 14], "texture": "#7"},
				"south": {"uv": [8, 2, 11, 8], "texture": "#7"},
				"west": {"uv": [8, 8, 11, 14], "texture": "#7"},
				"up": {"uv": [11, 5, 14, 8], "texture": "#7"},
				"down": {"uv": [11, 8, 14, 11], "texture": "#7"}
			}
		},
		{
			"from": [0, 6, 0],
			"to": [16, 12, 17],
			"faces": {
				"north": {"uv": [0, 0, 16, 6], "texture": "#4"},
				"east": {"uv": [0, 0, 16, 6], "texture": "#5"},
				"west": {"uv": [0, 10, 16, 16], "texture": "#5"},
				"up": {"uv": [0, 0, 16, 16], "texture": "#6"},
				"down": {"uv": [0, 0, 16, 16], "texture": "#0"}
			}
		}
	]
}