{
	"_comment-1" : "This example file would correspond to entity example_mod:example_entity, if such existed.",
	"_comment-2" : "The other file named 'example_entity_uncommented.json' is a version of the same definition but without any comments.",
	
	"_comment0" : "If you want to add entity type variant support (within the same entity type ID, for example 'minecraft:iron_golem'), change the 'variantIdMethod' value to a static method ...",
	"_comment1" : "... that accepts (Render, Entity) and returns a String identifier of the entity type variant.",
	"_comment2" : "You'll have to make a Forge/Fabric mod of your own to define your own method(s).",
	"_comment3" : "The default method xaero.common.minimap.render.radar.EntityIconDefinitions.getVariantString appends some property values to the entity's main texture location, ...",
	"_comment4" : "... which already supports a lot of entity type variants, even for some modded entity types.",
	"_comment5" : "For example: 'minecraft:textures/entity/iron_golem/iron_golem.png%MEDIUM' is one of the variant IDs for the iron golem entity type, where 'damage' value 'MEDIUM' is appended to the texture location.",
	
	"variantIdMethod" : "xaero.common.minimap.render.radar.EntityIconDefinitions.getVariantString", 
	
	
	"_comment6" : "The following key-value map lets you define icons for all or specific variants of the entity type that this file corresponds to.",
	"_comment7" : "The map entry key is the String identifier of the entity type variant, for example 'minecraft:textures/entity/iron_golem/iron_golem.png%MEDIUM' or 'default'.",
	"_comment8" : "The map entry value is the icon type used for entities that correspond to the key, for example 'model', 'model:3', 'dot' or 'sprite:example.png'.",
	
	"_comment10" : "Entry value 'model' means that the default model-based renderer should be used to render the icon for the entity type variant. Support is not guaranteed.",
	"_comment11" : "For example:",
	"_comment12" : "'minecraft:textures/entity/iron_golem/iron_golem.png%MEDIUM' : 'model'",
	
	"_comment14" : "Entry value 'sprite:example.png' means that the image file at assets/xaerominimap/entity/icon/sprite/example.png should be used as the icon for the entity type variant.",
	"_comment15" : "The recommended image size is 64x64 pixels. Keep in mind that there is usually a lot of empty space in the image around the icon.",
	"_comment16" : "For example:",
	"_comment17" : "'minecraft:textures/entity/iron_golem/iron_golem.png%MEDIUM' : 'sprite:minecraft_iron_golem_medium.png'",
	
	"_comment101" : "Entry value 'dot' means that the icon is never displayed for this entity type and the colored dot is displayed instead.",
	"_comment102" : "For example:",
	"_comment103" : "'minecraft:textures/entity/iron_golem/iron_golem.png%MEDIUM' : 'dot'",
	
	"_comment105" : "Entry value 'model:0' means that the model-based renderer is used and is configured by the configuration in 'modelConfigs' at position 0.",
	"_comment106" : "For example:",
	"_comment107" : "'minecraft:textures/entity/iron_golem/iron_golem.png%MEDIUM' : 'model:1'",
	"_comment108" : "An example ",
	
	"_comment19" : "The key 'default' is used if a unique value is not bound to the actual entity type variant key.",

	"variants" : {
		"example_mod:textures/entity/example_entity/example_entity.png%HAPPY%YELLOW%5" : "model:1",
		"default" : "model:0"
	},
	
	
	"_comment201" : "The following key 'modelConfigs' defines the list of 3 configurations for the model-based rendering.",
	"_comment202" : "Your own 'modelConfigs' list can contain as many configuration as you want.",
	
	"modelConfigs" : [
		{
			"_comment301" : "This is the configuration at position 0 (first), which is used for variant key 'default' in this example.",
			
			
			"_comment203" : "Option 'baseScale' sets the base scale of the model rendered to the icon. It is 1.0 by default.",
			"baseScale" : 1.0,
			
			"_comment204" : "Option 'rotationY' sets additional Y-rotation (yaw) of the model rendered to the icon. It is 0 by default. Rotation order is always YXZ.",
			"rotationY" : 0,
			
			"_comment205" : "Option 'rotationX' sets additional X-rotation (pitch) of the model rendered to the icon. It is 0 by default. Rotation order is always YXZ.",
			"rotationX" : 0,
			
			"_comment206" : "Option 'rotationZ' sets additional Z-rotation (roll) of the model rendered to the icon. It is 0 by default. Rotation order is always YXZ.",
			"rotationZ" : 0,
			
			"_comment207" : "Option 'offsetX' sets X offset of the model rendered to the icon. It is 0 by default.",
			"offsetX" : 0,
			
			"_comment208" : "Option 'offsetY' sets Y offset of the model rendered to the icon. It is 0 by default.",
			"offsetY" : 0,
			
			"_comment209" : "Option 'modelPartsFields' sets the list of fields to be resolved to get the model parts to be rendered on the icon.",
			"_comment210" : "By default, the mod tries to determine the model parts on its own and might fail.",
			"_comment211" : "The field must reference a model part (ModelRenderer class on forge), an array of them or a collection (e.g. list) of them.",
			"_comment212" : "Fields that cannot be resolved are simply ignored, so this automatically supports path/name aliases for different environments (e.g. mod loaders).",
			"_comment213" : "In this example, 'nose' is the deobfuscated name for the field that references the nose part of the model.",
			"_comment214" : "In this example, 'field_123123' is the obfuscated name for the field that references the nose part of the model.",
			"_comment215" : "In this example, the 'headModel' field is declared in a superclass 'QuadrupedModel' of the main model class 'ExampleEntityModel'.",
			"_comment216" : "In this example, the 'spikes' field references a collection (e.g. ArrayList) or an array (ModelRenderer[]) of model parts. All elements of it are rendered.",
			"_comment217" : "In this example, the 'ears[0,1]' field references a collection (e.g. ArrayList) or an array (ModelRenderer[]) of model parts. Only elements at positions 0 and 1 are rendered.",
			"_comment218" : "Only the first occurence of the same field will be taken into account, so you cannot separate ears[0,1] into ears[0] and ears[1].",
			"modelPartsFields" : [
				"path.to.model.class.ExampleEntityModel;nose",
				"path.to.model.class.ExampleEntityModel;field_123123",
				"net.minecraft.client.renderer.entity.model.QuadrupedModel;headModel",
				"path.to.model.class.ExampleEntityModel;spikes",
				"path.to.model.class.ExampleEntityModel;ears[0,1]"
			],
			
			"_comment219" : "Option 'modelMainPartFieldAliases' sets the list of aliases for the field to be resolved before any other.",
			"_comment220" : "This determines the main model part which is rendered in the center of the icon. At maximum 1 model part will be rendered from this list.",
			"_comment221" : "Every other model part (e.g. from 'modelPartsFields') is rendered relative to this model part (the main part).",
			"_comment222" : "The field aliases listed here don't have to be listed in 'modelPartsFields'. In fact, you don't have to define 'modelPartsFields' at all for this.",
			"modelMainPartFieldAliases" : [
				"path.to.model.class.ExampleEntityModel;head",
				"path.to.model.class.ExampleEntityModel;field_124124"
			],
			
			"_comment223" : "Option 'renderingFullModel' tells the mod whether to make an attempt to render the whole entity model (ignoring 'modelPartsFields').",
			"_comment224" : "By default, the value is determined by a hardcoded function, but this config option overrides it.",
			"renderingFullModel" : false,
			
			"_comment225" : "Option 'modelPartsRotationReset' tells the mod whether it should reset all rotation of every model part to 0. It is true by default.",
			"_comment226" : "For example, you would not want rotation to reset for some model parts that are supposed to be rotated, for example the body box of the pig model.",
			"modelPartsRotationReset" : true,
			
			"_comment227" : "Option 'extraLayerAllowed' tells the mod whether it should try to render an additional (hardcoded) layer on top of the model. It is true by default.",
			"_comment228" : "Some of the extra layer types will still work even with non-default model parts, but the following ones and possibly others will not:",
			"_comment229" : "cat collar, llama clothes, pig saddle, shulker head, slime outer layer, stray clothes, strider saddle, tropical fish pattern.",
			"extraLayerAllowed" : true
		},
		
		{
			"_comment302" : "This is the configuration at position 1 (second), which is used for variant key 'example_mod:textures/entity/example_entity/example_entity.png%HAPPY%YELLOW%5' in this example.",
			
			"baseScale" : 0.5,
			"offsetX" : 5,
			"offsetY" : -5
		},
		
		{
			"_comment303" : "This is the configuration at position 2 (third), which is not used for any variant of this entity type.",
			
			"renderingFullModel" : true
		}
	]
}